{
  "_commentSyntax": "to check if your config-file has the correct syntax, test your configuration on this website: https://jsonlint.com/",
  "_comment": "explanation to the config structure can be found here: https://github.com/tristankechlo/Tool-Leveling/wiki/",
  "upgradeCostMultiplier": 1.0,
  "minUpgradeCost": 1000,
  "allowIncompatibleEnchantments": true,
  "allowWrongEnchantments": true,
  "defaultItemWorth": 10,
  "allowLevelingOfUselessEnchantments": true,
  "allowLevelingOfBreakingEnchanments": true,
  "globalEnchantmentCap": 0,
  "enchantmentWhitelist": [],
  "enchantmentBlacklist": [
    "minecraft:mending",
    "minecraft:aqua_affinity",
    "minecraft:channeling",
    "minecraft:binding_curse",
    "minecraft:vanishing_curse",
    "minecraft:flame",
    "minecraft:infinity",
    "minecraft:multishot",
    "minecraft:silk_touch"
  ],
  "enchantmentCaps": {
    "minecraft:fire_protection": 100
  }
}